{"p2i_kl": 0.0015791984307895364, "p2i_ovl": 0.9604606043679923, "t2i_kl": 0.0030753067315009283, "t2i_ovl": 0.9588831513562837, "p2t_kl": 0.007329780578755833, "p2t_ovl": 0.932033687417376}