{"p2i_kl": 0.002196023177772897, "p2i_ovl": 0.9600271340672726, "t2i_kl": 0.0010880772304220495, "t2i_ovl": 0.9697585799644691, "p2t_kl": 0.0037579861134045926, "p2t_ovl": 0.9444072687370175}