{"p2i_kl": 0.025673764520064812, "p2i_ovl": 0.49170982929201384, "t2i_kl": 0.037618933029448964, "t2i_ovl": 0.4701773441700994, "p2t_kl": 0.15785227479175568, "p2t_ovl": 0.433350311516063}