{"p2i_kl": 0.13047901616114682, "p2i_ovl": 0.9209474327624291, "t2i_kl": 0.01857426885825582, "t2i_ovl": 0.9276627626235318, "p2t_kl": 0.20524061404161711, "p2t_ovl": 0.8494423051142254}