{"p2i_kl": 0.0010768419522299132, "p2i_ovl": 0.9452766725311395, "t2i_kl": 0.0007575202134393541, "t2i_ovl": 0.9452563569199626, "p2t_kl": 0.0031916422922500347, "p2t_ovl": 0.9357021483575557}