{"p2i_kl": 0.0025584008659700046, "p2i_ovl": 0.9278795648527851, "t2i_kl": 0.0015557181956662672, "t2i_ovl": 0.9307447125350211, "p2t_kl": 0.0065828190800755575, "p2t_ovl": 0.9075757592270459}