{"p2i_kl": 0.0016754525331243754, "p2i_ovl": 0.9331982465145829, "t2i_kl": 0.0026799762647452176, "t2i_ovl": 0.9255070532179908, "p2t_kl": 0.0033483560621964483, "p2t_ovl": 0.9083605283006063}