{"p2i_kl": 0.07702728002945543, "p2i_ovl": 0.9680078984712962, "t2i_kl": 0.003955281535405915, "t2i_ovl": 0.966286766524859, "p2t_kl": 0.12043185191538272, "p2t_ovl": 0.9367272238042034}