{"p2i_kl": 0.16401564891132248, "p2i_ovl": 0.9252171878095486, "t2i_kl": 0.01333428779127981, "t2i_ovl": 0.9276891168321251, "p2t_kl": 0.08458792283520668, "p2t_ovl": 0.8631823323389687}