{"p2i_kl": 0.0022791439043455823, "p2i_ovl": 0.9464818312932574, "t2i_kl": 0.0081405673517869, "t2i_ovl": 0.9437781128861561, "p2t_kl": 0.01065075386026514, "p2t_ovl": 0.8996943683705932}