{"p2i_kl": 6.50697438398498e-05, "p2i_ovl": 0.5189929209153633, "t2i_kl": 6.506974383993882e-05, "t2i_ovl": 0.5189929209153615, "p2t_kl": -6.72668915225576e-17, "p2t_ovl": 0.5197979797979781}