{"p2i_kl": 0.013123028144428832, "p2i_ovl": 0.9219306365178337, "t2i_kl": 0.006306519896686912, "t2i_ovl": 0.926959145996354, "p2t_kl": 0.007378701498604688, "p2t_ovl": 0.8917372529793016}