{"p2i_kl": 0.1830849894791191, "p2i_ovl": 0.9654765846458514, "t2i_kl": 0.05662832067468196, "t2i_ovl": 0.9684490498535402, "p2t_kl": 0.048581599700181874, "p2t_ovl": 0.937769509945099}