{"p2i_kl": 0.11358746237039172, "p2i_ovl": 0.8989391693567499, "t2i_kl": 0.0070867996432609145, "t2i_ovl": 0.9077841073532739, "p2t_kl": 0.07256803522978558, "p2t_ovl": 0.8570876377843987}