{"p2i_kl": 0.006486417392110042, "p2i_ovl": 0.8852168407611675, "t2i_kl": 0.010471854200678043, "t2i_ovl": 0.8979727963769922, "p2t_kl": 0.026742662308793616, "p2t_ovl": 0.8350319815502044}