{"p2i_kl": 0.30841125599775043, "p2i_ovl": 0.9564480250956917, "t2i_kl": 0.01525822339254212, "t2i_ovl": 0.9597413835555265, "p2t_kl": 0.22199331430436042, "p2t_ovl": 0.9183852587624349}